{"cameraMode":{"drawMode":0,"name":"Shaded","section":"Shading Mode"},"sceneLighting":false,"audioPlay":false,"sceneViewState":{"m_AlwaysRefresh":false,"showFog":true,"showSkybox":false,"showFlares":true,"showImageEffects":true,"showParticleSystems":true,"showVisualEffectGraphs":true,"m_FxEnabled":true},"in2DMode":false,"pivot":{"x":-0.006576418876647949,"y":0.3877028226852417,"z":0.06600502133369446},"rotation":{"x":0.10634199529886246,"y":-0.124942846596241,"z":0.013470475561916829,"w":0.9863565564155579},"size":0.436522513628006,"orthographic":false}